﻿id,state,active,zone,country_id,,,
1,DISTRITO NACIONAL,1,D,62,,,"INSERT INTO addr_states(id,state,active,zone,country_id) VALUES (1,'DISTRITO NACIONAL',1,'D',62);"
2,LA ALTAGRACIA,1,E,62,,,"INSERT INTO addr_states(id,state,active,zone,country_id) VALUES (2,'LA ALTAGRACIA',1,'E',62);"
3,AZUA,1,S,62,,,"INSERT INTO addr_states(id,state,active,zone,country_id) VALUES (3,'AZUA',1,'S',62);"
4,BAHORUCO,1,S,62,,,"INSERT INTO addr_states(id,state,active,zone,country_id) VALUES (4,'BAHORUCO',1,'S',62);"
5,BARAHONA,1,S,62,,,"INSERT INTO addr_states(id,state,active,zone,country_id) VALUES (5,'BARAHONA',1,'S',62);"
6,DAJABON,1,N,62,,,"INSERT INTO addr_states(id,state,active,zone,country_id) VALUES (6,'DAJABON',1,'N',62);"
7,DUARTE,1,N,62,,,"INSERT INTO addr_states(id,state,active,zone,country_id) VALUES (7,'DUARTE',1,'N',62);"
8,EL SEIBO,1,E,62,,,"INSERT INTO addr_states(id,state,active,zone,country_id) VALUES (8,'EL SEIBO',1,'E',62);"
9,ELIAS PIÑA,1,S,62,,,"INSERT INTO addr_states(id,state,active,zone,country_id) VALUES (9,'ELIAS PIÑA',1,'S',62);"
10,ESPAILLAT,1,N,62,,,"INSERT INTO addr_states(id,state,active,zone,country_id) VALUES (10,'ESPAILLAT',1,'N',62);"
11,HATO MAYOR,1,E,62,,,"INSERT INTO addr_states(id,state,active,zone,country_id) VALUES (11,'HATO MAYOR',1,'E',62);"
12,INDEPENDENCIA,1,S,62,,,"INSERT INTO addr_states(id,state,active,zone,country_id) VALUES (12,'INDEPENDENCIA',1,'S',62);"
13,LA ROMANA,1,E,62,,,"INSERT INTO addr_states(id,state,active,zone,country_id) VALUES (13,'LA ROMANA',1,'E',62);"
14,LA VEGA,1,N,62,,,"INSERT INTO addr_states(id,state,active,zone,country_id) VALUES (14,'LA VEGA',1,'N',62);"
15,MARIA TRINIDAD SANCHEZ,1,N,62,,,"INSERT INTO addr_states(id,state,active,zone,country_id) VALUES (15,'MARIA TRINIDAD SANCHEZ',1,'N',62);"
16,MONSEÑOR NOUEL,1,N,62,,,"INSERT INTO addr_states(id,state,active,zone,country_id) VALUES (16,'MONSEÑOR NOUEL',1,'N',62);"
17,MONTE CRISTI,1,N,62,,,"INSERT INTO addr_states(id,state,active,zone,country_id) VALUES (17,'MONTE CRISTI',1,'N',62);"
18,MONTE PLATA,1,E,62,,,"INSERT INTO addr_states(id,state,active,zone,country_id) VALUES (18,'MONTE PLATA',1,'E',62);"
19,PEDERNALES,1,S,62,,,"INSERT INTO addr_states(id,state,active,zone,country_id) VALUES (19,'PEDERNALES',1,'S',62);"
20,PERAVIA,1,S,62,,,"INSERT INTO addr_states(id,state,active,zone,country_id) VALUES (20,'PERAVIA',1,'S',62);"
21,PUERTO PLATA,1,N,62,,,"INSERT INTO addr_states(id,state,active,zone,country_id) VALUES (21,'PUERTO PLATA',1,'N',62);"
22,HERMANAS MIRABAL,1,N,62,,,"INSERT INTO addr_states(id,state,active,zone,country_id) VALUES (22,'HERMANAS MIRABAL',1,'N',62);"
23,SAMANA,1,N,62,,,"INSERT INTO addr_states(id,state,active,zone,country_id) VALUES (23,'SAMANA',1,'N',62);"
24,SAN CRISTOBAL,1,S,62,,,"INSERT INTO addr_states(id,state,active,zone,country_id) VALUES (24,'SAN CRISTOBAL',1,'S',62);"
25,SAN JUAN,1,S,62,,,"INSERT INTO addr_states(id,state,active,zone,country_id) VALUES (25,'SAN JUAN',1,'S',62);"
26,SAN PEDRO DE MACORIS,1,E,62,,,"INSERT INTO addr_states(id,state,active,zone,country_id) VALUES (26,'SAN PEDRO DE MACORIS',1,'E',62);"
27,SANCHEZ RAMIREZ,1,N,62,,,"INSERT INTO addr_states(id,state,active,zone,country_id) VALUES (27,'SANCHEZ RAMIREZ',1,'N',62);"
28,SANTIAGO,1,N,62,,,"INSERT INTO addr_states(id,state,active,zone,country_id) VALUES (28,'SANTIAGO',1,'N',62);"
29,SANTIAGO RODRIGUEZ,1,N,62,,,"INSERT INTO addr_states(id,state,active,zone,country_id) VALUES (29,'SANTIAGO RODRIGUEZ',1,'N',62);"
30,VALVERDE,1,N,62,,,"INSERT INTO addr_states(id,state,active,zone,country_id) VALUES (30,'VALVERDE',1,'N',62);"
31,SAN JOSE DE OCOA,1,S,62,,,"INSERT INTO addr_states(id,state,active,zone,country_id) VALUES (31,'SAN JOSE DE OCOA',1,'S',62);"
32,SANTO DOMINGO,1,D,62,,,"INSERT INTO addr_states(id,state,active,zone,country_id) VALUES (32,'SANTO DOMINGO',1,'D',62);"
61,ESTADOS UNIDOS,0,X,0,,,"INSERT INTO addr_states(id,state,active,zone,country_id) VALUES (61,'ESTADOS UNIDOS',0,'X',0);"
62,VENEZUELA,0,X,0,,,"INSERT INTO addr_states(id,state,active,zone,country_id) VALUES (62,'VENEZUELA',0,'X',0);"
63,ESPAÑA,0,X,0,,,"INSERT INTO addr_states(id,state,active,zone,country_id) VALUES (63,'ESPAÑA',0,'X',0);"
64,CANADA,0,X,0,,,"INSERT INTO addr_states(id,state,active,zone,country_id) VALUES (64,'CANADA',0,'X',0);"
66,PANAMA,0,X,0,,,"INSERT INTO addr_states(id,state,active,zone,country_id) VALUES (66,'PANAMA',0,'X',0);"
67,SUIZA,0,X,0,,,"INSERT INTO addr_states(id,state,active,zone,country_id) VALUES (67,'SUIZA',0,'X',0);"
68,ITALIA,0,X,0,,,"INSERT INTO addr_states(id,state,active,zone,country_id) VALUES (68,'ITALIA',0,'X',0);"
69,HOLANDA,0,X,0,,,"INSERT INTO addr_states(id,state,active,zone,country_id) VALUES (69,'HOLANDA',0,'X',0);"
76,ANTILLAS MENORES,0,X,0,,,"INSERT INTO addr_states(id,state,active,zone,country_id) VALUES (76,'ANTILLAS MENORES',0,'X',0);"
77,FRANCIA,0,X,0,,,"INSERT INTO addr_states(id,state,active,zone,country_id) VALUES (77,'FRANCIA',0,'X',0);"
78,ALEMANIA,0,X,0,,,"INSERT INTO addr_states(id,state,active,zone,country_id) VALUES (78,'ALEMANIA',0,'X',0);"
79,GUATEMALA,0,X,0,,,"INSERT INTO addr_states(id,state,active,zone,country_id) VALUES (79,'GUATEMALA',0,'X',0);"
80,COSTA RICA,0,X,0,,,"INSERT INTO addr_states(id,state,active,zone,country_id) VALUES (80,'COSTA RICA',0,'X',0);"
81,URUGUAY,0,X,0,,,"INSERT INTO addr_states(id,state,active,zone,country_id) VALUES (81,'URUGUAY',0,'X',0);"
82,NICARAGUA,0,X,0,,,"INSERT INTO addr_states(id,state,active,zone,country_id) VALUES (82,'NICARAGUA',0,'X',0);"
83,LUXEMBURGO,0,X,0,,,"INSERT INTO addr_states(id,state,active,zone,country_id) VALUES (83,'LUXEMBURGO',0,'X',0);"
84,COLOMBIA,0,X,0,,,"INSERT INTO addr_states(id,state,active,zone,country_id) VALUES (84,'COLOMBIA',0,'X',0);"
85,ISLAS TURCAS Y CAICAS,0,X,0,,,"INSERT INTO addr_states(id,state,active,zone,country_id) VALUES (85,'ISLAS TURCAS Y CAICAS',0,'X',0);"
86,AUSTRIA,0,X,0,,,"INSERT INTO addr_states(id,state,active,zone,country_id) VALUES (86,'AUSTRIA',0,'X',0);"
87,MARTINICA,0,X,0,,,"INSERT INTO addr_states(id,state,active,zone,country_id) VALUES (87,'MARTINICA',0,'X',0);"
