﻿Municipios,,,,,,,
,,,,,,,
id,city,state_id,father_city_id,active,is_dm,,
1,DISTRITO NACIONAL,1,1,1,NULL,,"INSERT INTO addr_cities(id,city,state_id,father_city_id,active,is_dm) VALUES (1,'DISTRITO NACIONAL',1,1,1,NULL);"
2,SAN CRISTOBAL,24,2,1,NULL,,"INSERT INTO addr_cities(id,city,state_id,father_city_id,active,is_dm) VALUES (2,'SAN CRISTOBAL',24,2,1,NULL);"
3,BANI,20,3,1,NULL,,"INSERT INTO addr_cities(id,city,state_id,father_city_id,active,is_dm) VALUES (3,'BANI',20,3,1,NULL);"
4,BAYAGUANA,18,4,1,NULL,,"INSERT INTO addr_cities(id,city,state_id,father_city_id,active,is_dm) VALUES (4,'BAYAGUANA',18,4,1,NULL);"
5,YAMASA,18,5,1,NULL,,"INSERT INTO addr_cities(id,city,state_id,father_city_id,active,is_dm) VALUES (5,'YAMASA',18,5,1,NULL);"
8,MONTE PLATA,18,8,1,NULL,,"INSERT INTO addr_cities(id,city,state_id,father_city_id,active,is_dm) VALUES (8,'MONTE PLATA',18,8,1,NULL);"
10,AZUA,3,10,1,NULL,,"INSERT INTO addr_cities(id,city,state_id,father_city_id,active,is_dm) VALUES (10,'AZUA',3,10,1,NULL);"
11,LAS MATAS DE FARFAN,25,11,1,NULL,,"INSERT INTO addr_cities(id,city,state_id,father_city_id,active,is_dm) VALUES (11,'LAS MATAS DE FARFAN',25,11,1,NULL);"
12,SAN JUAN DE LA MAGUANA,25,12,1,NULL,,"INSERT INTO addr_cities(id,city,state_id,father_city_id,active,is_dm) VALUES (12,'SAN JUAN DE LA MAGUANA',25,12,1,NULL);"
13,SAN JOSE DE OCOA,31,13,1,NULL,,"INSERT INTO addr_cities(id,city,state_id,father_city_id,active,is_dm) VALUES (13,'SAN JOSE DE OCOA',31,13,1,NULL);"
14,EL CERCADO,25,14,1,NULL,,"INSERT INTO addr_cities(id,city,state_id,father_city_id,active,is_dm) VALUES (14,'EL CERCADO',25,14,1,NULL);"
15,BANICA,9,15,1,NULL,,"INSERT INTO addr_cities(id,city,state_id,father_city_id,active,is_dm) VALUES (15,'BANICA',9,15,1,NULL);"
16,COMENDADOR,9,16,1,NULL,,"INSERT INTO addr_cities(id,city,state_id,father_city_id,active,is_dm) VALUES (16,'COMENDADOR',9,16,1,NULL);"
17,PADRE LAS CASAS,3,17,1,NULL,,"INSERT INTO addr_cities(id,city,state_id,father_city_id,active,is_dm) VALUES (17,'PADRE LAS CASAS',3,17,1,NULL);"
18,BARAHONA,5,18,1,NULL,,"INSERT INTO addr_cities(id,city,state_id,father_city_id,active,is_dm) VALUES (18,'BARAHONA',5,18,1,NULL);"
19,CABRAL,5,19,1,NULL,,"INSERT INTO addr_cities(id,city,state_id,father_city_id,active,is_dm) VALUES (19,'CABRAL',5,19,1,NULL);"
20,DUVERGE,12,20,1,NULL,,"INSERT INTO addr_cities(id,city,state_id,father_city_id,active,is_dm) VALUES (20,'DUVERGE',12,20,1,NULL);"
21,ENRIQUILLO,5,21,1,NULL,,"INSERT INTO addr_cities(id,city,state_id,father_city_id,active,is_dm) VALUES (21,'ENRIQUILLO',5,21,1,NULL);"
22,NEYBA,4,22,1,NULL,,"INSERT INTO addr_cities(id,city,state_id,father_city_id,active,is_dm) VALUES (22,'NEYBA',4,22,1,NULL);"
23,SAN PEDRO DE MACORIS,26,23,1,NULL,,"INSERT INTO addr_cities(id,city,state_id,father_city_id,active,is_dm) VALUES (23,'SAN PEDRO DE MACORIS',26,23,1,NULL);"
24,LOS LLANOS,26,24,1,NULL,,"INSERT INTO addr_cities(id,city,state_id,father_city_id,active,is_dm) VALUES (24,'LOS LLANOS',26,24,1,NULL);"
25,EL SEIBO,8,25,1,NULL,,"INSERT INTO addr_cities(id,city,state_id,father_city_id,active,is_dm) VALUES (25,'EL SEIBO',8,25,1,NULL);"
26,LA ROMANA,13,26,1,NULL,,"INSERT INTO addr_cities(id,city,state_id,father_city_id,active,is_dm) VALUES (26,'LA ROMANA',13,26,1,NULL);"
27,HATO MAYOR,11,27,1,NULL,,"INSERT INTO addr_cities(id,city,state_id,father_city_id,active,is_dm) VALUES (27,'HATO MAYOR',11,27,1,NULL);"
28,HIGUEY,2,28,1,NULL,,"INSERT INTO addr_cities(id,city,state_id,father_city_id,active,is_dm) VALUES (28,'HIGUEY',2,28,1,NULL);"
29,MICHES,8,29,1,NULL,,"INSERT INTO addr_cities(id,city,state_id,father_city_id,active,is_dm) VALUES (29,'MICHES',8,29,1,NULL);"
30,RAMON SANTANA,26,30,1,NULL,,"INSERT INTO addr_cities(id,city,state_id,father_city_id,active,is_dm) VALUES (30,'RAMON SANTANA',26,30,1,NULL);"
31,SANTIAGO DE LOS CABALLEROS,28,31,1,NULL,,"INSERT INTO addr_cities(id,city,state_id,father_city_id,active,is_dm) VALUES (31,'SANTIAGO DE LOS CABALLEROS',28,31,1,NULL);"
32,TAMBORIL,28,32,1,NULL,,"INSERT INTO addr_cities(id,city,state_id,father_city_id,active,is_dm) VALUES (32,'TAMBORIL',28,32,1,NULL);"
33,ESPERANZA,30,33,1,NULL,,"INSERT INTO addr_cities(id,city,state_id,father_city_id,active,is_dm) VALUES (33,'ESPERANZA',30,33,1,NULL);"
34,MAO,30,34,1,NULL,,"INSERT INTO addr_cities(id,city,state_id,father_city_id,active,is_dm) VALUES (34,'MAO',30,34,1,NULL);"
35,JANICO,28,35,1,NULL,,"INSERT INTO addr_cities(id,city,state_id,father_city_id,active,is_dm) VALUES (35,'JANICO',28,35,1,NULL);"
36,SAN JOSE DE LAS MATAS,28,36,1,NULL,,"INSERT INTO addr_cities(id,city,state_id,father_city_id,active,is_dm) VALUES (36,'SAN JOSE DE LAS MATAS',28,36,1,NULL);"
37,PUERTO PLATA,21,37,1,NULL,,"INSERT INTO addr_cities(id,city,state_id,father_city_id,active,is_dm) VALUES (37,'PUERTO PLATA',21,37,1,NULL);"
38,IMBERT,21,38,1,NULL,,"INSERT INTO addr_cities(id,city,state_id,father_city_id,active,is_dm) VALUES (38,'IMBERT',21,38,1,NULL);"
39,ALTAMIRA,21,39,1,NULL,,"INSERT INTO addr_cities(id,city,state_id,father_city_id,active,is_dm) VALUES (39,'ALTAMIRA',21,39,1,NULL);"
40,LUPERON,21,40,1,NULL,,"INSERT INTO addr_cities(id,city,state_id,father_city_id,active,is_dm) VALUES (40,'LUPERON',21,40,1,NULL);"
41,MONTECRISTI,17,41,1,NULL,,"INSERT INTO addr_cities(id,city,state_id,father_city_id,active,is_dm) VALUES (41,'MONTECRISTI',17,41,1,NULL);"
42,MONCION,29,42,1,NULL,,"INSERT INTO addr_cities(id,city,state_id,father_city_id,active,is_dm) VALUES (42,'MONCION',29,42,1,NULL);"
43,RESTAURACION,6,43,1,NULL,,"INSERT INTO addr_cities(id,city,state_id,father_city_id,active,is_dm) VALUES (43,'RESTAURACION',6,43,1,NULL);"
44,DAJABON,6,44,1,NULL,,"INSERT INTO addr_cities(id,city,state_id,father_city_id,active,is_dm) VALUES (44,'DAJABON',6,44,1,NULL);"
45,GUAYUBIN,17,45,1,NULL,,"INSERT INTO addr_cities(id,city,state_id,father_city_id,active,is_dm) VALUES (45,'GUAYUBIN',17,45,1,NULL);"
46,SAN IGNACIO DE SABANETA,29,46,1,NULL,,"INSERT INTO addr_cities(id,city,state_id,father_city_id,active,is_dm) VALUES (46,'SAN IGNACIO DE SABANETA',29,46,1,NULL);"
47,LA VEGA,14,47,1,NULL,,"INSERT INTO addr_cities(id,city,state_id,father_city_id,active,is_dm) VALUES (47,'LA VEGA',14,47,1,NULL);"
48,BONAO,16,48,1,NULL,,"INSERT INTO addr_cities(id,city,state_id,father_city_id,active,is_dm) VALUES (48,'BONAO',16,48,1,NULL);"
49,COTUI,27,49,1,NULL,,"INSERT INTO addr_cities(id,city,state_id,father_city_id,active,is_dm) VALUES (49,'COTUI',27,49,1,NULL);"
50,JARABACOA,14,50,1,NULL,,"INSERT INTO addr_cities(id,city,state_id,father_city_id,active,is_dm) VALUES (50,'JARABACOA',14,50,1,NULL);"
51,VILLA TAPIA,22,51,1,NULL,,"INSERT INTO addr_cities(id,city,state_id,father_city_id,active,is_dm) VALUES (51,'VILLA TAPIA',22,51,1,NULL);"
52,CEVICOS,27,52,1,NULL,,"INSERT INTO addr_cities(id,city,state_id,father_city_id,active,is_dm) VALUES (52,'CEVICOS',27,52,1,NULL);"
53,CONSTANZA,14,53,1,NULL,,"INSERT INTO addr_cities(id,city,state_id,father_city_id,active,is_dm) VALUES (53,'CONSTANZA',14,53,1,NULL);"
54,MOCA,10,54,1,NULL,,"INSERT INTO addr_cities(id,city,state_id,father_city_id,active,is_dm) VALUES (54,'MOCA',10,54,1,NULL);"
55,SALCEDO,22,55,1,NULL,,"INSERT INTO addr_cities(id,city,state_id,father_city_id,active,is_dm) VALUES (55,'SALCEDO',22,55,1,NULL);"
56,SAN FRANCISCO DE MACORIS,7,56,1,NULL,,"INSERT INTO addr_cities(id,city,state_id,father_city_id,active,is_dm) VALUES (56,'SAN FRANCISCO DE MACORIS',7,56,1,NULL);"
57,PIMENTEL,7,57,1,NULL,,"INSERT INTO addr_cities(id,city,state_id,father_city_id,active,is_dm) VALUES (57,'PIMENTEL',7,57,1,NULL);"
58,VILLA RIVA,7,58,1,NULL,,"INSERT INTO addr_cities(id,city,state_id,father_city_id,active,is_dm) VALUES (58,'VILLA RIVA',7,58,1,NULL);"
59,CASTILLO,7,59,1,NULL,,"INSERT INTO addr_cities(id,city,state_id,father_city_id,active,is_dm) VALUES (59,'CASTILLO',7,59,1,NULL);"
60,CABRERA,15,60,1,NULL,,"INSERT INTO addr_cities(id,city,state_id,father_city_id,active,is_dm) VALUES (60,'CABRERA',15,60,1,NULL);"
61,GASPAR HERNANDEZ,10,61,1,NULL,,"INSERT INTO addr_cities(id,city,state_id,father_city_id,active,is_dm) VALUES (61,'GASPAR HERNANDEZ',10,61,1,NULL);"
63,EUGENIO MARIA DE HOSTOS,7,63,1,NULL,,"INSERT INTO addr_cities(id,city,state_id,father_city_id,active,is_dm) VALUES (63,'EUGENIO MARIA DE HOSTOS',7,63,1,NULL);"
64,TENARES,22,64,1,NULL,,"INSERT INTO addr_cities(id,city,state_id,father_city_id,active,is_dm) VALUES (64,'TENARES',22,64,1,NULL);"
65,SAMANA,23,65,1,NULL,,"INSERT INTO addr_cities(id,city,state_id,father_city_id,active,is_dm) VALUES (65,'SAMANA',23,65,1,NULL);"
66,SANCHEZ,23,66,1,NULL,,"INSERT INTO addr_cities(id,city,state_id,father_city_id,active,is_dm) VALUES (66,'SANCHEZ',23,66,1,NULL);"
67,SABANA DE LA MAR,11,67,1,NULL,,"INSERT INTO addr_cities(id,city,state_id,father_city_id,active,is_dm) VALUES (67,'SABANA DE LA MAR',11,67,1,NULL);"
68,VILLA ALTAGRACIA,24,68,1,NULL,,"INSERT INTO addr_cities(id,city,state_id,father_city_id,active,is_dm) VALUES (68,'VILLA ALTAGRACIA',24,68,1,NULL);"
69,PEDERNALES,19,69,1,NULL,,"INSERT INTO addr_cities(id,city,state_id,father_city_id,active,is_dm) VALUES (69,'PEDERNALES',19,69,1,NULL);"
70,LA DESCUBIERTA,12,70,1,NULL,,"INSERT INTO addr_cities(id,city,state_id,father_city_id,active,is_dm) VALUES (70,'LA DESCUBIERTA',12,70,1,NULL);"
71,NAGUA,15,71,1,NULL,,"INSERT INTO addr_cities(id,city,state_id,father_city_id,active,is_dm) VALUES (71,'NAGUA',15,71,1,NULL);"
72,VILLA VASQUEZ,17,72,1,NULL,,"INSERT INTO addr_cities(id,city,state_id,father_city_id,active,is_dm) VALUES (72,'VILLA VASQUEZ',17,72,1,NULL);"
73,LOMA DE CABRERA,6,73,1,NULL,,"INSERT INTO addr_cities(id,city,state_id,father_city_id,active,is_dm) VALUES (73,'LOMA DE CABRERA',6,73,1,NULL);"
74,PEDRO SANTANA,9,74,1,NULL,,"INSERT INTO addr_cities(id,city,state_id,father_city_id,active,is_dm) VALUES (74,'PEDRO SANTANA',9,74,1,NULL);"
75,HONDO VALLE,9,75,1,NULL,,"INSERT INTO addr_cities(id,city,state_id,father_city_id,active,is_dm) VALUES (75,'HONDO VALLE',9,75,1,NULL);"
76,TAMAYO,4,76,1,NULL,,"INSERT INTO addr_cities(id,city,state_id,father_city_id,active,is_dm) VALUES (76,'TAMAYO',4,76,1,NULL);"
77,JIMANI,12,77,1,NULL,,"INSERT INTO addr_cities(id,city,state_id,father_city_id,active,is_dm) VALUES (77,'JIMANI',12,77,1,NULL);"
78,VILLA JARAGUA,4,78,1,NULL,,"INSERT INTO addr_cities(id,city,state_id,father_city_id,active,is_dm) VALUES (78,'VILLA JARAGUA',4,78,1,NULL);"
79,VICENTE NOBLE,5,79,1,NULL,,"INSERT INTO addr_cities(id,city,state_id,father_city_id,active,is_dm) VALUES (79,'VICENTE NOBLE',5,79,1,NULL);"
80,PARAISO,5,80,1,NULL,,"INSERT INTO addr_cities(id,city,state_id,father_city_id,active,is_dm) VALUES (80,'PARAISO',5,80,1,NULL);"
81,RIO SAN JUAN,15,81,1,NULL,,"INSERT INTO addr_cities(id,city,state_id,father_city_id,active,is_dm) VALUES (81,'RIO SAN JUAN',15,81,1,NULL);"
82,YAGUATE,24,82,1,NULL,,"INSERT INTO addr_cities(id,city,state_id,father_city_id,active,is_dm) VALUES (82,'YAGUATE',24,82,1,NULL);"
83,SABANA GRANDE DE PALENQUE,24,83,1,NULL,,"INSERT INTO addr_cities(id,city,state_id,father_city_id,active,is_dm) VALUES (83,'SABANA GRANDE DE PALENQUE',24,83,1,NULL);"
84,NIZAO,20,84,1,NULL,,"INSERT INTO addr_cities(id,city,state_id,father_city_id,active,is_dm) VALUES (84,'NIZAO',20,84,1,NULL);"
85,SAN RAFAEL DEL YUMA,2,85,1,NULL,,"INSERT INTO addr_cities(id,city,state_id,father_city_id,active,is_dm) VALUES (85,'SAN RAFAEL DEL YUMA',2,85,1,NULL);"
86,PEPILLO SALCEDO,17,86,1,NULL,,"INSERT INTO addr_cities(id,city,state_id,father_city_id,active,is_dm) VALUES (86,'PEPILLO SALCEDO',17,86,1,NULL);"
87,FANTINO,27,87,1,NULL,,"INSERT INTO addr_cities(id,city,state_id,father_city_id,active,is_dm) VALUES (87,'FANTINO',27,87,1,NULL);"
88,CAYETANO GERMOSEN,10,88,1,NULL,,"INSERT INTO addr_cities(id,city,state_id,father_city_id,active,is_dm) VALUES (88,'CAYETANO GERMOSEN',10,88,1,NULL);"
89,JOSE CONTRERAS (DM),10,54,1,1,,"INSERT INTO addr_cities(id,city,state_id,father_city_id,active,is_dm) VALUES (89,'JOSE CONTRERAS (DM)',10,54,1,1);"
90,SABANA GRANDE DE BOYA,18,90,1,NULL,,"INSERT INTO addr_cities(id,city,state_id,father_city_id,active,is_dm) VALUES (90,'SABANA GRANDE DE BOYA',18,90,1,NULL);"
91,OVIEDO,19,91,1,NULL,,"INSERT INTO addr_cities(id,city,state_id,father_city_id,active,is_dm) VALUES (91,'OVIEDO',19,91,1,NULL);"
92,LAGUNA SALADA,30,92,1,NULL,,"INSERT INTO addr_cities(id,city,state_id,father_city_id,active,is_dm) VALUES (92,'LAGUNA SALADA',30,92,1,NULL);"
93,BAJOS DE HAINA,24,93,1,NULL,,"INSERT INTO addr_cities(id,city,state_id,father_city_id,active,is_dm) VALUES (93,'BAJOS DE HAINA',24,93,1,NULL);"
94,VILLA GONZALEZ,28,94,1,NULL,,"INSERT INTO addr_cities(id,city,state_id,father_city_id,active,is_dm) VALUES (94,'VILLA GONZALEZ',28,94,1,NULL);"
95,LICEY AL MEDIO,28,95,1,NULL,,"INSERT INTO addr_cities(id,city,state_id,father_city_id,active,is_dm) VALUES (95,'LICEY AL MEDIO',28,95,1,NULL);"
96,VILLA BISONO -NAVARRETE-,28,96,1,NULL,,"INSERT INTO addr_cities(id,city,state_id,father_city_id,active,is_dm) VALUES (96,'VILLA BISONO -NAVARRETE-',28,96,1,NULL);"
97,SOSUA,21,97,1,NULL,,"INSERT INTO addr_cities(id,city,state_id,father_city_id,active,is_dm) VALUES (97,'SOSUA',21,97,1,NULL);"
99,POSTRER RIO,12,99,1,NULL,,"INSERT INTO addr_cities(id,city,state_id,father_city_id,active,is_dm) VALUES (99,'POSTRER RIO',12,99,1,NULL);"
100,EL VALLE,11,100,1,NULL,,"INSERT INTO addr_cities(id,city,state_id,father_city_id,active,is_dm) VALUES (100,'EL VALLE',11,100,1,NULL);"
101,CASTAÑUELAS,17,101,1,NULL,,"INSERT INTO addr_cities(id,city,state_id,father_city_id,active,is_dm) VALUES (101,'CASTAÑUELAS',17,101,1,NULL);"
102,LOS HIDALGOS,21,102,1,NULL,,"INSERT INTO addr_cities(id,city,state_id,father_city_id,active,is_dm) VALUES (102,'LOS HIDALGOS',21,102,1,NULL);"
103,GUAYMATE,13,103,1,NULL,,"INSERT INTO addr_cities(id,city,state_id,father_city_id,active,is_dm) VALUES (103,'GUAYMATE',13,103,1,NULL);"
104,CAMBITA GARABITOS,24,104,1,NULL,,"INSERT INTO addr_cities(id,city,state_id,father_city_id,active,is_dm) VALUES (104,'CAMBITA GARABITOS',24,104,1,NULL);"
105,GUAYABAL,3,105,1,NULL,,"INSERT INTO addr_cities(id,city,state_id,father_city_id,active,is_dm) VALUES (105,'GUAYABAL',3,105,1,NULL);"
106,PERALTA,3,106,1,NULL,,"INSERT INTO addr_cities(id,city,state_id,father_city_id,active,is_dm) VALUES (106,'PERALTA',3,106,1,NULL);"
107,SABANA YEGUA,3,107,1,NULL,,"INSERT INTO addr_cities(id,city,state_id,father_city_id,active,is_dm) VALUES (107,'SABANA YEGUA',3,107,1,NULL);"
108,VALLEJUELO,25,108,1,NULL,,"INSERT INTO addr_cities(id,city,state_id,father_city_id,active,is_dm) VALUES (108,'VALLEJUELO',25,108,1,NULL);"
109,BOHECHIO,25,109,1,NULL,,"INSERT INTO addr_cities(id,city,state_id,father_city_id,active,is_dm) VALUES (109,'BOHECHIO',25,109,1,NULL);"
110,EL LLANO,9,110,1,NULL,,"INSERT INTO addr_cities(id,city,state_id,father_city_id,active,is_dm) VALUES (110,'EL LLANO',9,110,1,NULL);"
111,POLO,5,111,1,NULL,,"INSERT INTO addr_cities(id,city,state_id,father_city_id,active,is_dm) VALUES (111,'POLO',5,111,1,NULL);"
112,LOS RIOS ,4,112,1,NULL,,"INSERT INTO addr_cities(id,city,state_id,father_city_id,active,is_dm) VALUES (112,'LOS RIOS',4,112,1,NULL);"
113,GALVAN,4,113,1,NULL,,"INSERT INTO addr_cities(id,city,state_id,father_city_id,active,is_dm) VALUES (113,'GALVAN',4,113,1,NULL);"
114,MELLA,12,114,1,NULL,,"INSERT INTO addr_cities(id,city,state_id,father_city_id,active,is_dm) VALUES (114,'MELLA',12,114,1,NULL);"
115,PARTIDO,6,115,1,NULL,,"INSERT INTO addr_cities(id,city,state_id,father_city_id,active,is_dm) VALUES (115,'PARTIDO',6,115,1,NULL);"
116,VILLA LOS ALMACIGOS,29,116,1,NULL,,"INSERT INTO addr_cities(id,city,state_id,father_city_id,active,is_dm) VALUES (116,'VILLA LOS ALMACIGOS',29,116,1,NULL);"
117,LAS MATAS DE SANTA CRUZ,17,117,1,NULL,,"INSERT INTO addr_cities(id,city,state_id,father_city_id,active,is_dm) VALUES (117,'LAS MATAS DE SANTA CRUZ',17,117,1,NULL);"
118,MAIMON,16,118,1,NULL,,"INSERT INTO addr_cities(id,city,state_id,father_city_id,active,is_dm) VALUES (118,'MAIMON',16,118,1,NULL);"
119,ARENOSO,7,119,1,NULL,,"INSERT INTO addr_cities(id,city,state_id,father_city_id,active,is_dm) VALUES (119,'ARENOSO',7,119,1,NULL);"
120,GUANANICO,21,120,1,NULL,,"INSERT INTO addr_cities(id,city,state_id,father_city_id,active,is_dm) VALUES (120,'GUANANICO',21,120,1,NULL);"
121,VILLA ISABELA,21,121,1,NULL,,"INSERT INTO addr_cities(id,city,state_id,father_city_id,active,is_dm) VALUES (121,'VILLA ISABELA',21,121,1,NULL);"
122,JIMA ABAJO,14,122,1,NULL,,"INSERT INTO addr_cities(id,city,state_id,father_city_id,active,is_dm) VALUES (122,'JIMA ABAJO',14,122,1,NULL);"
123,PIEDRA BLANCA,16,123,1,NULL,,"INSERT INTO addr_cities(id,city,state_id,father_city_id,active,is_dm) VALUES (123,'PIEDRA BLANCA',16,123,1,NULL);"
124,LA CUEVA (DM),27,52,1,1,,"INSERT INTO addr_cities(id,city,state_id,father_city_id,active,is_dm) VALUES (124,'LA CUEVA (DM)',27,52,1,1);"
125,LAS YAYAS DE VIAJAMA,3,125,1,NULL,,"INSERT INTO addr_cities(id,city,state_id,father_city_id,active,is_dm) VALUES (125,'LAS YAYAS DE VIAJAMA',3,125,1,NULL);"
126,TABARA ARRIBA,3,126,1,NULL,,"INSERT INTO addr_cities(id,city,state_id,father_city_id,active,is_dm) VALUES (126,'TABARA ARRIBA',3,126,1,NULL);"
127,UVILLA (DM),4,76,1,1,,"INSERT INTO addr_cities(id,city,state_id,father_city_id,active,is_dm) VALUES (127,'UVILLA (DM)',4,76,1,1);"
128,CRISTOBAL,12,128,1,NULL,,"INSERT INTO addr_cities(id,city,state_id,father_city_id,active,is_dm) VALUES (128,'CRISTOBAL',12,128,1,NULL);"
129,JUAN DE HERRERA,25,129,1,NULL,,"INSERT INTO addr_cities(id,city,state_id,father_city_id,active,is_dm) VALUES (129,'JUAN DE HERRERA',25,129,1,NULL);"
130,EL PEÑON,5,130,1,NULL,,"INSERT INTO addr_cities(id,city,state_id,father_city_id,active,is_dm) VALUES (130,'EL PEÑON',5,130,1,NULL);"
131,FUNDACION,5,131,1,NULL,,"INSERT INTO addr_cities(id,city,state_id,father_city_id,active,is_dm) VALUES (131,'FUNDACION',5,131,1,NULL);"
132,ESTEBANIA,3,132,1,NULL,,"INSERT INTO addr_cities(id,city,state_id,father_city_id,active,is_dm) VALUES (132,'ESTEBANIA',3,132,1,NULL);"
133,JAMAO AL NORTE,10,133,1,NULL,,"INSERT INTO addr_cities(id,city,state_id,father_city_id,active,is_dm) VALUES (133,'JAMAO AL NORTE',10,133,1,NULL);"
134,LAS TERRENAS,23,134,1,NULL,,"INSERT INTO addr_cities(id,city,state_id,father_city_id,active,is_dm) VALUES (134,'LAS TERRENAS',23,134,1,NULL);"
135,LAS CHARCAS,3,135,1,NULL,,"INSERT INTO addr_cities(id,city,state_id,father_city_id,active,is_dm) VALUES (135,'LAS CHARCAS',3,135,1,NULL);"
136,EL FACTOR,15,136,1,NULL,,"INSERT INTO addr_cities(id,city,state_id,father_city_id,active,is_dm) VALUES (136,'EL FACTOR',15,136,1,NULL);"
137,LAS SALINAS,5,137,1,NULL,,"INSERT INTO addr_cities(id,city,state_id,father_city_id,active,is_dm) VALUES (137,'LAS SALINAS',5,137,1,NULL);"
138,CONSUELO,26,138,1,NULL,,"INSERT INTO addr_cities(id,city,state_id,father_city_id,active,is_dm) VALUES (138,'CONSUELO',26,138,1,NULL);"
139,LOS CACAOS,24,139,1,NULL,,"INSERT INTO addr_cities(id,city,state_id,father_city_id,active,is_dm) VALUES (139,'LOS CACAOS',24,139,1,NULL);"
140,SAN GREGORIO DE NIGUA,24,140,1,NULL,,"INSERT INTO addr_cities(id,city,state_id,father_city_id,active,is_dm) VALUES (140,'SAN GREGORIO DE NIGUA',24,140,1,NULL);"
141,LA LAGUNA DE NISIBON (DM),2,28,1,1,,"INSERT INTO addr_cities(id,city,state_id,father_city_id,active,is_dm) VALUES (141,'LA LAGUNA DE NISIBON (DM)',2,28,1,1);"
142,PEDRO GARCIA (DM),28,31,1,1,,"INSERT INTO addr_cities(id,city,state_id,father_city_id,active,is_dm) VALUES (142,'PEDRO GARCIA (DM)',28,31,1,1);"
143,LAS GUARANAS,7,143,1,NULL,,"INSERT INTO addr_cities(id,city,state_id,father_city_id,active,is_dm) VALUES (143,'LAS GUARANAS',7,143,1,NULL);"
144,JUAN SANTIAGO ,9,144,1,NULL,,"INSERT INTO addr_cities(id,city,state_id,father_city_id,active,is_dm) VALUES (144,'JUAN SANTIAGO',9,144,1,NULL);"
145,LA OTRA BANDA (DM),2,28,1,1,,"INSERT INTO addr_cities(id,city,state_id,father_city_id,active,is_dm) VALUES (145,'LA OTRA BANDA (DM)',2,28,1,1);"
146,QUISQUEYA,26,146,1,NULL,,"INSERT INTO addr_cities(id,city,state_id,father_city_id,active,is_dm) VALUES (146,'QUISQUEYA',26,146,1,NULL);"
147,DON JUAN (DM),18,8,1,1,,"INSERT INTO addr_cities(id,city,state_id,father_city_id,active,is_dm) VALUES (147,'DON JUAN (DM)',18,8,1,1);"
148,SABANA IGLESIA,28,148,1,NULL,,"INSERT INTO addr_cities(id,city,state_id,father_city_id,active,is_dm) VALUES (148,'SABANA IGLESIA',28,148,1,NULL);"
149,SAN VICTOR,10,149,1,NULL,,"INSERT INTO addr_cities(id,city,state_id,father_city_id,active,is_dm) VALUES (149,'SAN VICTOR',10,149,1,NULL);"
150,SABANA LARGA,31,150,1,NULL,,"INSERT INTO addr_cities(id,city,state_id,father_city_id,active,is_dm) VALUES (150,'SABANA LARGA',31,150,1,NULL);"
151,EL PINO,6,151,1,NULL,,"INSERT INTO addr_cities(id,city,state_id,father_city_id,active,is_dm) VALUES (151,'EL PINO',6,151,1,NULL);"
152,RANCHO ARRIBA,31,152,1,NULL,,"INSERT INTO addr_cities(id,city,state_id,father_city_id,active,is_dm) VALUES (152,'RANCHO ARRIBA',31,152,1,NULL);"
153,PERALVILLO,18,153,1,NULL,,"INSERT INTO addr_cities(id,city,state_id,father_city_id,active,is_dm) VALUES (153,'PERALVILLO',18,153,1,NULL);"
154,PUEBLO VIEJO,3,154,1,NULL,,"INSERT INTO addr_cities(id,city,state_id,father_city_id,active,is_dm) VALUES (154,'PUEBLO VIEJO',3,154,1,NULL);"
155,VILLA LA MATA,27,155,1,NULL,,"INSERT INTO addr_cities(id,city,state_id,father_city_id,active,is_dm) VALUES (155,'VILLA LA MATA',27,155,1,NULL);"
156,MATANZAS,20,156,1,NULL,,"INSERT INTO addr_cities(id,city,state_id,father_city_id,active,is_dm) VALUES (156,'MATANZAS',20,156,1,NULL);"
157,VILLA FUNDACION (DM),20,3,1,1,,"INSERT INTO addr_cities(id,city,state_id,father_city_id,active,is_dm) VALUES (157,'VILLA FUNDACION (DM)',20,3,1,1);"
158,SABANA BUEY (DM),20,3,1,1,,"INSERT INTO addr_cities(id,city,state_id,father_city_id,active,is_dm) VALUES (158,'SABANA BUEY (DM)',20,3,1,1);"
159,RIO LIMPIO (DM),9,74,1,1,,"INSERT INTO addr_cities(id,city,state_id,father_city_id,active,is_dm) VALUES (159,'RIO LIMPIO (DM)',9,74,1,1);"
160,LA CIENAGA,5,160,1,NULL,,"INSERT INTO addr_cities(id,city,state_id,father_city_id,active,is_dm) VALUES (160,'LA CIENAGA',5,160,1,NULL);"
161,BAITOA,28,161,1,NULL,,"INSERT INTO addr_cities(id,city,state_id,father_city_id,active,is_dm) VALUES (161,'BAITOA',28,161,1,NULL);"
162,JOBA ARRIBA (DM),10,61,1,1,,"INSERT INTO addr_cities(id,city,state_id,father_city_id,active,is_dm) VALUES (162,'JOBA ARRIBA (DM)',10,61,1,1);"
163,TIREO ARRIBA (DM),14,53,1,1,,"INSERT INTO addr_cities(id,city,state_id,father_city_id,active,is_dm) VALUES (163,'TIREO ARRIBA (DM)',14,53,1,1);"
164,CANOA (DM),5,79,1,1,,"INSERT INTO addr_cities(id,city,state_id,father_city_id,active,is_dm) VALUES (164,'CANOA (DM)',5,79,1,1);"
165,SAN JOSE DE MATANZAS (DM),15,71,1,1,,"INSERT INTO addr_cities(id,city,state_id,father_city_id,active,is_dm) VALUES (165,'SAN JOSE DE MATANZAS (DM)',15,71,1,1);"
166,PEDRO SANCHEZ (DM),8,25,1,1,,"INSERT INTO addr_cities(id,city,state_id,father_city_id,active,is_dm) VALUES (166,'PEDRO SANCHEZ (DM)',8,25,1,1);"
167,JAQUIMEYES,5,167,1,NULL,,"INSERT INTO addr_cities(id,city,state_id,father_city_id,active,is_dm) VALUES (167,'JAQUIMEYES',5,167,1,NULL);"
168,YERBA BUENA (DM),11,27,1,1,,"INSERT INTO addr_cities(id,city,state_id,father_city_id,active,is_dm) VALUES (168,'YERBA BUENA (DM)',11,27,1,1);"
169,ELUPINA CORDERO DE LAS CAÑITAS (DM),11,67,1,1,,"INSERT INTO addr_cities(id,city,state_id,father_city_id,active,is_dm) VALUES (169,'ELUPINA CORDERO DE LAS CAÑITAS (DM)',11,67,1,1);"
170,PIZARRETE (DM),20,84,1,1,,"INSERT INTO addr_cities(id,city,state_id,father_city_id,active,is_dm) VALUES (170,'PIZARRETE (DM)',20,84,1,1);"
171,VILLA ELISA (DM),17,45,1,1,,"INSERT INTO addr_cities(id,city,state_id,father_city_id,active,is_dm) VALUES (171,'VILLA ELISA (DM)',17,45,1,1);"
172,LA CANELA (DM),28,31,1,1,,"INSERT INTO addr_cities(id,city,state_id,father_city_id,active,is_dm) VALUES (172,'LA CANELA (DM)',28,31,1,1);"
173,HATILLO PALMA (DM),17,45,1,1,,"INSERT INTO addr_cities(id,city,state_id,father_city_id,active,is_dm) VALUES (173,'HATILLO PALMA (DM)',17,45,1,1);"
174,GONZALO (DM),18,90,1,1,,"INSERT INTO addr_cities(id,city,state_id,father_city_id,active,is_dm) VALUES (174,'GONZALO (DM)',18,90,1,1);"
175,VILLA MONTELLANO,21,175,1,NULL,,"INSERT INTO addr_cities(id,city,state_id,father_city_id,active,is_dm) VALUES (175,'VILLA MONTELLANO',21,175,1,NULL);"
176,SANTANA (DM),20,84,1,1,,"INSERT INTO addr_cities(id,city,state_id,father_city_id,active,is_dm) VALUES (176,'SANTANA (DM)',20,84,1,1);"
177,ESTERO HONDO (DM),21,121,1,1,,"INSERT INTO addr_cities(id,city,state_id,father_city_id,active,is_dm) VALUES (177,'ESTERO HONDO (DM)',21,121,1,1);"
178,GUAYABAL (DM),12,99,1,1,,"INSERT INTO addr_cities(id,city,state_id,father_city_id,active,is_dm) VALUES (178,'GUAYABAL (DM)',12,99,1,1);"
179,LOS BOTADOS (DM),18,5,1,1,,"INSERT INTO addr_cities(id,city,state_id,father_city_id,active,is_dm) VALUES (179,'LOS BOTADOS (DM)',18,5,1,1);"
180,LA CIENAGA (DM),31,13,1,1,,"INSERT INTO addr_cities(id,city,state_id,father_city_id,active,is_dm) VALUES (180,'LA CIENAGA (DM)',31,13,1,1);"
181,RIO VERDE ARRIBA (DM),14,47,1,1,,"INSERT INTO addr_cities(id,city,state_id,father_city_id,active,is_dm) VALUES (181,'RIO VERDE ARRIBA (DM)',14,47,1,1);"
182,AGUA SANTA DEL YUNA (DM),7,58,1,1,,"INSERT INTO addr_cities(id,city,state_id,father_city_id,active,is_dm) VALUES (182,'AGUA SANTA DEL YUNA (DM)',7,58,1,1);"
183,CRISTO REY DE GUARAGUAO (DM),7,58,1,1,,"INSERT INTO addr_cities(id,city,state_id,father_city_id,active,is_dm) VALUES (183,'CRISTO REY DE GUARAGUAO (DM)',7,58,1,1);"
184,JUANCHO (DM),19,91,1,1,,"INSERT INTO addr_cities(id,city,state_id,father_city_id,active,is_dm) VALUES (184,'JUANCHO (DM)',19,91,1,1);"
185,PAYA (DM),20,3,1,1,,"INSERT INTO addr_cities(id,city,state_id,father_city_id,active,is_dm) VALUES (185,'PAYA (DM)',20,3,1,1);"
186,MATAYAYA (DM),25,11,1,1,,"INSERT INTO addr_cities(id,city,state_id,father_city_id,active,is_dm) VALUES (186,'MATAYAYA (DM)',25,11,1,1);"
187,RINCON (DM),14,122,1,1,,"INSERT INTO addr_cities(id,city,state_id,father_city_id,active,is_dm) VALUES (187,'RINCON (DM)',14,122,1,1);"
188,LA ISABELA (DM),21,40,1,1,,"INSERT INTO addr_cities(id,city,state_id,father_city_id,active,is_dm) VALUES (188,'LA ISABELA (DM)',21,40,1,1);"
189,LA PEÑA (DM),7,56,1,1,,"INSERT INTO addr_cities(id,city,state_id,father_city_id,active,is_dm) VALUES (189,'LA PEÑA (DM)',7,56,1,1);"
190,PEDRO CORTO (DM),25,12,1,1,,"INSERT INTO addr_cities(id,city,state_id,father_city_id,active,is_dm) VALUES (190,'PEDRO CORTO (DM)',25,12,1,1);"
191,EL RUBIO (DM),28,36,1,1,,"INSERT INTO addr_cities(id,city,state_id,father_city_id,active,is_dm) VALUES (191,'EL RUBIO (DM)',28,36,1,1);"
192,JUNCALITO (DM),28,35,1,1,,"INSERT INTO addr_cities(id,city,state_id,father_city_id,active,is_dm) VALUES (192,'JUNCALITO (DM)',28,35,1,1);"
193,BLANCO (DM),22,64,1,1,,"INSERT INTO addr_cities(id,city,state_id,father_city_id,active,is_dm) VALUES (193,'BLANCO (DM)',22,64,1,1);"
194,AMINA (DM),30,34,1,1,,"INSERT INTO addr_cities(id,city,state_id,father_city_id,active,is_dm) VALUES (194,'AMINA (DM)',30,34,1,1);"
195,JAIBON (DM),30,34,1,1,,"INSERT INTO addr_cities(id,city,state_id,father_city_id,active,is_dm) VALUES (195,'JAIBON (DM)',30,34,1,1);"
196,GUATAPANAL (DM),30,34,1,1,,"INSERT INTO addr_cities(id,city,state_id,father_city_id,active,is_dm) VALUES (196,'GUATAPANAL (DM)',30,34,1,1);"
197,MAIZAL (DM),30,33,1,1,,"INSERT INTO addr_cities(id,city,state_id,father_city_id,active,is_dm) VALUES (197,'MAIZAL (DM)',30,33,1,1);"
198,EL CACHON (DM),5,18,1,1,,"INSERT INTO addr_cities(id,city,state_id,father_city_id,active,is_dm) VALUES (198,'EL CACHON (DM)',5,18,1,1);"
199,VILLA SONADOR (DM),16,123,1,1,,"INSERT INTO addr_cities(id,city,state_id,father_city_id,active,is_dm) VALUES (199,'VILLA SONADOR (DM)',16,123,1,1);"
200,EL PUERTO (DM),26,24,1,1,,"INSERT INTO addr_cities(id,city,state_id,father_city_id,active,is_dm) VALUES (200,'EL PUERTO (DM)',26,24,1,1);"
201,SABANA DEL PUERTO (DM),16,48,1,1,,"INSERT INTO addr_cities(id,city,state_id,father_city_id,active,is_dm) VALUES (201,'SABANA DEL PUERTO (DM)',16,48,1,1);"
202,MATA PALACIO (DM),11,27,1,1,,"INSERT INTO addr_cities(id,city,state_id,father_city_id,active,is_dm) VALUES (202,'MATA PALACIO (DM)',11,27,1,1);"
203,ARROYO SALADO (DM),15,60,1,1,,"INSERT INTO addr_cities(id,city,state_id,father_city_id,active,is_dm) VALUES (203,'ARROYO SALADO (DM)',15,60,1,1);"
204,JICOME (DM),30,33,1,1,,"INSERT INTO addr_cities(id,city,state_id,father_city_id,active,is_dm) VALUES (204,'JICOME (DM)',30,33,1,1);"
205,CENOVI (DM),7,56,1,1,,"INSERT INTO addr_cities(id,city,state_id,father_city_id,active,is_dm) VALUES (205,'CENOVI (DM)',7,56,1,1);"
207,PALMAR DE OCOA (DM),3,135,1,1,,"INSERT INTO addr_cities(id,city,state_id,father_city_id,active,is_dm) VALUES (207,'PALMAR DE OCOA (DM)',3,135,1,1);"
208,JUAN LOPEZ ABAJO (EL MAMEY) (DM),10,54,1,1,,"INSERT INTO addr_cities(id,city,state_id,father_city_id,active,is_dm) VALUES (208,'JUAN LOPEZ ABAJO (EL MAMEY) (DM)',10,54,1,1);"
209,MAJAGUAL (DM),18,90,1,1,,"INSERT INTO addr_cities(id,city,state_id,father_city_id,active,is_dm) VALUES (209,'MAJAGUAL (DM)',18,90,1,1);"
210,JUAN ADRIAN (DM),16,123,1,1,,"INSERT INTO addr_cities(id,city,state_id,father_city_id,active,is_dm) VALUES (210,'JUAN ADRIAN (DM)',16,123,1,1);"
211,BOCA DE YUMA (DM),2,85,1,1,,"INSERT INTO addr_cities(id,city,state_id,father_city_id,active,is_dm) VALUES (211,'BOCA DE YUMA (DM)',2,85,1,1);"
212,LA ENTRADA (DM),15,60,1,1,,"INSERT INTO addr_cities(id,city,state_id,father_city_id,active,is_dm) VALUES (212,'LA ENTRADA (DM)',15,60,1,1);"
213,EL POZO (DM),15,136,1,1,,"INSERT INTO addr_cities(id,city,state_id,father_city_id,active,is_dm) VALUES (213,'EL POZO (DM)',15,136,1,1);"
214,EL PALMAR (DM),4,22,1,1,,"INSERT INTO addr_cities(id,city,state_id,father_city_id,active,is_dm) VALUES (214,'EL PALMAR (DM)',4,22,1,1);"
215,GUAYABO DULCE (DM),11,27,1,1,,"INSERT INTO addr_cities(id,city,state_id,father_city_id,active,is_dm) VALUES (215,'GUAYABO DULCE (DM)',11,27,1,1);"
216,PESCADERIA (DM),5,131,1,1,,"INSERT INTO addr_cities(id,city,state_id,father_city_id,active,is_dm) VALUES (216,'PESCADERIA (DM)',5,131,1,1);"
217,JAIBÓN (DM),30,92,1,1,,"INSERT INTO addr_cities(id,city,state_id,father_city_id,active,is_dm) VALUES (217,'JAIBÓN (DM)',30,92,1,1);"
218,EL LIMON (DM),23,65,1,1,,"INSERT INTO addr_cities(id,city,state_id,father_city_id,active,is_dm) VALUES (218,'EL LIMON (DM)',23,65,1,1);"
219,PALMAR ARRIBA (DM),28,94,1,1,,"INSERT INTO addr_cities(id,city,state_id,father_city_id,active,is_dm) VALUES (219,'PALMAR ARRIBA (DM)',28,94,1,1);"
220,LA BIJA (DM),27,155,1,1,,"INSERT INTO addr_cities(id,city,state_id,father_city_id,active,is_dm) VALUES (220,'LA BIJA (DM)',27,155,1,1);"
221,VILLA SOMBRERO (DM),20,3,1,1,,"INSERT INTO addr_cities(id,city,state_id,father_city_id,active,is_dm) VALUES (221,'VILLA SOMBRERO (DM)',20,3,1,1);"
222,LOS PATOS (DM),5,80,1,1,,"INSERT INTO addr_cities(id,city,state_id,father_city_id,active,is_dm) VALUES (222,'LOS PATOS (DM)',5,80,1,1);"
223,SANTO DOMINGO ESTE,32,223,1,NULL,,"INSERT INTO addr_cities(id,city,state_id,father_city_id,active,is_dm) VALUES (223,'SANTO DOMINGO ESTE',32,223,1,NULL);"
224,SANTO DOMINGO OESTE,32,224,1,NULL,,"INSERT INTO addr_cities(id,city,state_id,father_city_id,active,is_dm) VALUES (224,'SANTO DOMINGO OESTE',32,224,1,NULL);"
225,SANTO DOMINGO NORTE,32,225,1,NULL,,"INSERT INTO addr_cities(id,city,state_id,father_city_id,active,is_dm) VALUES (225,'SANTO DOMINGO NORTE',32,225,1,NULL);"
226,BOCA CHICA,32,226,1,NULL,,"INSERT INTO addr_cities(id,city,state_id,father_city_id,active,is_dm) VALUES (226,'BOCA CHICA',32,226,1,NULL);"
227,SAN ANTONIO DE GUERRA,32,227,1,NULL,,"INSERT INTO addr_cities(id,city,state_id,father_city_id,active,is_dm) VALUES (227,'SAN ANTONIO DE GUERRA',32,227,1,NULL);"
228,PEDRO BRAND,32,228,1,NULL,,"INSERT INTO addr_cities(id,city,state_id,father_city_id,active,is_dm) VALUES (228,'PEDRO BRAND',32,228,1,NULL);"
229,LOS ALCARRIZOS,32,229,1,NULL,,"INSERT INTO addr_cities(id,city,state_id,father_city_id,active,is_dm) VALUES (229,'LOS ALCARRIZOS',32,229,1,NULL);"
230,LA VICTORIA (DM),32,225,1,1,,"INSERT INTO addr_cities(id,city,state_id,father_city_id,active,is_dm) VALUES (230,'LA VICTORIA (DM)',32,225,1,1);"
231,VILLARPANDO (DM),3,125,1,1,,"INSERT INTO addr_cities(id,city,state_id,father_city_id,active,is_dm) VALUES (231,'VILLARPANDO (DM)',3,125,1,1);"
232,LA CAYA (DM),30,92,1,1,,"INSERT INTO addr_cities(id,city,state_id,father_city_id,active,is_dm) VALUES (232,'LA CAYA (DM)',30,92,1,1);"
233,ANGELINA (DM),27,155,1,1,,"INSERT INTO addr_cities(id,city,state_id,father_city_id,active,is_dm) VALUES (233,'ANGELINA (DM)',27,155,1,1);"
234,EL CARRIL (DM),24,93,1,1,,"INSERT INTO addr_cities(id,city,state_id,father_city_id,active,is_dm) VALUES (234,'EL CARRIL (DM)',24,93,1,1);"
235,EL CARRETON (DM),20,3,1,1,,"INSERT INTO addr_cities(id,city,state_id,father_city_id,active,is_dm) VALUES (235,'EL CARRETON (DM)',20,3,1,1);"
236,LAS LAGUNAS ABAJO (DM),10,54,1,1,,"INSERT INTO addr_cities(id,city,state_id,father_city_id,active,is_dm) VALUES (236,'LAS LAGUNAS ABAJO (DM)',10,54,1,1);"
237,EL JOVERO (EL CEDRO) (DM),8,29,1,1,,"INSERT INTO addr_cities(id,city,state_id,father_city_id,active,is_dm) VALUES (237,'EL JOVERO (EL CEDRO) (DM)',8,29,1,1);"
238,EL LIMON (DM),12,77,1,1,,"INSERT INTO addr_cities(id,city,state_id,father_city_id,active,is_dm) VALUES (238,'EL LIMON (DM)',12,77,1,1);"
239,SAN FRANCISCO DE JACAGUA (DM),28,31,1,1,,"INSERT INTO addr_cities(id,city,state_id,father_city_id,active,is_dm) VALUES (239,'SAN FRANCISCO DE JACAGUA (DM)',28,31,1,1);"
240,VERAGUA (DM),10,61,1,1,,"INSERT INTO addr_cities(id,city,state_id,father_city_id,active,is_dm) VALUES (240,'VERAGUA (DM)',10,61,1,1);"
241,CANA CHAPETON (DM),17,45,1,1,,"INSERT INTO addr_cities(id,city,state_id,father_city_id,active,is_dm) VALUES (241,'CANA CHAPETON (DM)',17,45,1,1);"
242,MANUEL BUENO (DM),6,151,1,1,,"INSERT INTO addr_cities(id,city,state_id,father_city_id,active,is_dm) VALUES (242,'MANUEL BUENO (DM)',6,151,1,1);"
243,BELLOSO (DM),21,40,1,1,,"INSERT INTO addr_cities(id,city,state_id,father_city_id,active,is_dm) VALUES (243,'BELLOSO (DM)',21,40,1,1);"
244,CABARETE (DM),21,97,1,1,,"INSERT INTO addr_cities(id,city,state_id,father_city_id,active,is_dm) VALUES (244,'CABARETE (DM)',21,97,1,1);"
245,SABANETA DE YASICA (DM),21,97,1,1,,"INSERT INTO addr_cities(id,city,state_id,father_city_id,active,is_dm) VALUES (245,'SABANETA DE YASICA (DM)',21,97,1,1);"
246,EL LIMON (DM),28,94,1,1,,"INSERT INTO addr_cities(id,city,state_id,father_city_id,active,is_dm) VALUES (246,'EL LIMON (DM)',28,94,1,1);"
247,GAUTIER (DM),26,24,1,1,,"INSERT INTO addr_cities(id,city,state_id,father_city_id,active,is_dm) VALUES (247,'GAUTIER (DM)',26,24,1,1);"
248,CRUCE DE GUAYACANES (DM),30,92,1,1,,"INSERT INTO addr_cities(id,city,state_id,father_city_id,active,is_dm) VALUES (248,'CRUCE DE GUAYACANES (DM)',30,92,1,1);"
249,BAYAHIBE (DM),2,85,1,1,,"INSERT INTO addr_cities(id,city,state_id,father_city_id,active,is_dm) VALUES (249,'BAYAHIBE (DM)',2,85,1,1);"
250,LA SABINA (DM),14,53,1,1,,"INSERT INTO addr_cities(id,city,state_id,father_city_id,active,is_dm) VALUES (250,'LA SABINA (DM)',14,53,1,1);"
251,EL RANCHITO (DM),14,47,1,1,,"INSERT INTO addr_cities(id,city,state_id,father_city_id,active,is_dm) VALUES (251,'EL RANCHITO (DM)',14,47,1,1);"
252,SAN JOSE-PINO HERRADO-EL PUERTO(DM),24,68,1,1,,"INSERT INTO addr_cities(id,city,state_id,father_city_id,active,is_dm) VALUES (252,'SAN JOSE-PINO HERRADO-EL PUERTO(DM)',24,68,1,1);"
253,PALO VERDE (EL AHOGADO) (DM),17,101,1,1,,"INSERT INTO addr_cities(id,city,state_id,father_city_id,active,is_dm) VALUES (253,'PALO VERDE (EL AHOGADO) (DM)',17,101,1,1);"
254,CHIRINO (DM),18,8,1,1,,"INSERT INTO addr_cities(id,city,state_id,father_city_id,active,is_dm) VALUES (254,'CHIRINO (DM)',18,8,1,1);"
255,MEDINA (DM),24,68,1,1,,"INSERT INTO addr_cities(id,city,state_id,father_city_id,active,is_dm) VALUES (255,'MEDINA (DM)',24,68,1,1);"
256,LA CUCHILLA (DM),24,68,1,1,,"INSERT INTO addr_cities(id,city,state_id,father_city_id,active,is_dm) VALUES (256,'LA CUCHILLA (DM)',24,68,1,1);"
257,LOS TOROS (DM),3,126,1,1,,"INSERT INTO addr_cities(id,city,state_id,father_city_id,active,is_dm) VALUES (257,'LOS TOROS (DM)',3,126,1,1);"
258,HATO DEL YAQUE (DM),28,31,1,1,,"INSERT INTO addr_cities(id,city,state_id,father_city_id,active,is_dm) VALUES (258,'HATO DEL YAQUE (DM)',28,31,1,1);"
259,PROYECTO #4 (DM),3,107,1,1,,"INSERT INTO addr_cities(id,city,state_id,father_city_id,active,is_dm) VALUES (259,'PROYECTO #4 (DM)',3,107,1,1);"
260,PROYECTO D-1 GANADERO (DM),3,107,1,1,,"INSERT INTO addr_cities(id,city,state_id,father_city_id,active,is_dm) VALUES (260,'PROYECTO D-1 GANADERO (DM)',3,107,1,1);"
261,EL ROSARIO (DM),3,154,1,1,,"INSERT INTO addr_cities(id,city,state_id,father_city_id,active,is_dm) VALUES (261,'EL ROSARIO (DM)',3,154,1,1);"
262,ARROYO BARRIL (DM),23,65,1,1,,"INSERT INTO addr_cities(id,city,state_id,father_city_id,active,is_dm) VALUES (262,'ARROYO BARRIL (DM)',23,65,1,1);"
263,LA JAIBA (DM),21,121,1,1,,"INSERT INTO addr_cities(id,city,state_id,father_city_id,active,is_dm) VALUES (263,'LA JAIBA (DM)',21,121,1,1);"
264,LAS BARIAS-LA ESTANCIA (DM),3,10,1,1,,"INSERT INTO addr_cities(id,city,state_id,father_city_id,active,is_dm) VALUES (264,'LAS BARIAS-LA ESTANCIA (DM)',3,10,1,1);"
265,LAS TARANAS (DM),7,58,1,1,,"INSERT INTO addr_cities(id,city,state_id,father_city_id,active,is_dm) VALUES (265,'LAS TARANAS (DM)',7,58,1,1);"
266,LAS COLES (DM),7,119,1,1,,"INSERT INTO addr_cities(id,city,state_id,father_city_id,active,is_dm) VALUES (266,'LAS COLES (DM)',7,119,1,1);"
267,LOS JOVILLOS (DM),3,10,1,1,,"INSERT INTO addr_cities(id,city,state_id,father_city_id,active,is_dm) VALUES (267,'LOS JOVILLOS (DM)',3,10,1,1);"
268,LAS CUESTA (DM),28,36,1,1,,"INSERT INTO addr_cities(id,city,state_id,father_city_id,active,is_dm) VALUES (268,'LAS CUESTA (DM)',28,36,1,1);"
269,LAS PLACETAS (DM),28,36,1,1,,"INSERT INTO addr_cities(id,city,state_id,father_city_id,active,is_dm) VALUES (269,'LAS PLACETAS (DM)',28,36,1,1);"
270,MONTE LLANO (JAMAO AFUERA) (DM),22,55,1,1,,"INSERT INTO addr_cities(id,city,state_id,father_city_id,active,is_dm) VALUES (270,'MONTE LLANO (JAMAO AFUERA) (DM)',22,55,1,1);"
271,LAS GORDAS (DM),15,71,1,1,,"INSERT INTO addr_cities(id,city,state_id,father_city_id,active,is_dm) VALUES (271,'LAS GORDAS (DM)',15,71,1,1);"
272,QUITA CORAZA (DM),5,79,1,1,,"INSERT INTO addr_cities(id,city,state_id,father_city_id,active,is_dm) VALUES (272,'QUITA CORAZA (DM)',5,79,1,1);"
273,HIGUERITO (DM),10,54,1,1,,"INSERT INTO addr_cities(id,city,state_id,father_city_id,active,is_dm) VALUES (273,'HIGUERITO (DM)',10,54,1,1);"
274,MONTE DE LA JAGUA (DM),10,54,1,1,,"INSERT INTO addr_cities(id,city,state_id,father_city_id,active,is_dm) VALUES (274,'MONTE DE LA JAGUA (DM)',10,54,1,1);"
275,ORTEGA (DM),10,54,1,1,,"INSERT INTO addr_cities(id,city,state_id,father_city_id,active,is_dm) VALUES (275,'ORTEGA (DM)',10,54,1,1);"
276,BARRO ARRIBA (DM),3,10,1,1,,"INSERT INTO addr_cities(id,city,state_id,father_city_id,active,is_dm) VALUES (276,'BARRO ARRIBA (DM)',3,10,1,1);"
277,NIZAO-LAS AUYAMAS (DM),31,13,1,1,,"INSERT INTO addr_cities(id,city,state_id,father_city_id,active,is_dm) VALUES (277,'NIZAO-LAS AUYAMAS (DM)',31,13,1,1);"
278,EL PINAR (DM),31,13,1,1,,"INSERT INTO addr_cities(id,city,state_id,father_city_id,active,is_dm) VALUES (278,'EL PINAR (DM)',31,13,1,1);"
279,FONDO NEGRO (DM),5,79,1,1,,"INSERT INTO addr_cities(id,city,state_id,father_city_id,active,is_dm) VALUES (279,'FONDO NEGRO (DM)',5,79,1,1);"
280,SABANA LARGA (DM),9,16,1,1,,"INSERT INTO addr_cities(id,city,state_id,father_city_id,active,is_dm) VALUES (280,'SABANA LARGA (DM)',9,16,1,1);"
281,JUMA BEJUCAL (DM),16,48,1,1,,"INSERT INTO addr_cities(id,city,state_id,father_city_id,active,is_dm) VALUES (281,'JUMA BEJUCAL (DM)',16,48,1,1);"
282,AMIAMA GOMEZ (DM),3,126,1,1,,"INSERT INTO addr_cities(id,city,state_id,father_city_id,active,is_dm) VALUES (282,'AMIAMA GOMEZ (DM)',3,126,1,1);"
283,TABARA ABAJO (DM),3,126,1,1,,"INSERT INTO addr_cities(id,city,state_id,father_city_id,active,is_dm) VALUES (283,'TABARA ABAJO (DM)',3,126,1,1);"
284,ARROYO DULCE (DM),5,21,1,1,,"INSERT INTO addr_cities(id,city,state_id,father_city_id,active,is_dm) VALUES (284,'ARROYO DULCE (DM)',5,21,1,1);"
285,CANCA LA REYNA (DM),10,54,1,1,,"INSERT INTO addr_cities(id,city,state_id,father_city_id,active,is_dm) VALUES (285,'CANCA LA REYNA (DM)',10,54,1,1);"
286,LA CALETA (DM),32,226,1,1,,"INSERT INTO addr_cities(id,city,state_id,father_city_id,active,is_dm) VALUES (286,'LA CALETA (DM)',32,226,1,1);"
287,ARROYO CANO (DM),25,109,1,1,,"INSERT INTO addr_cities(id,city,state_id,father_city_id,active,is_dm) VALUES (287,'ARROYO CANO (DM)',25,109,1,1);"
288,LAS CLAVELLINAS (DM),4,112,1,1,,"INSERT INTO addr_cities(id,city,state_id,father_city_id,active,is_dm) VALUES (288,'LAS CLAVELLINAS (DM)',4,112,1,1);"
289,SANTANA (DM),4,76,1,1,,"INSERT INTO addr_cities(id,city,state_id,father_city_id,active,is_dm) VALUES (289,'SANTANA (DM)',4,76,1,1);"
290,SABANA GRANDE (DM),7,63,1,1,,"INSERT INTO addr_cities(id,city,state_id,father_city_id,active,is_dm) VALUES (290,'SABANA GRANDE (DM)',7,63,1,1);"
291,SAN LUIS (DM),32,223,1,1,,"INSERT INTO addr_cities(id,city,state_id,father_city_id,active,is_dm) VALUES (291,'SAN LUIS (DM)',32,223,1,1);"
292,SABANETA (DM),25,12,1,1,,"INSERT INTO addr_cities(id,city,state_id,father_city_id,active,is_dm) VALUES (292,'SABANETA (DM)',25,12,1,1);"
293,LA COLONIA (DM),12,114,1,1,,"INSERT INTO addr_cities(id,city,state_id,father_city_id,active,is_dm) VALUES (293,'LA COLONIA (DM)',12,114,1,1);"
294,PALO ALTO (DM),5,167,1,1,,"INSERT INTO addr_cities(id,city,state_id,father_city_id,active,is_dm) VALUES (294,'PALO ALTO (DM)',5,167,1,1);"
295,VILLA HERMOSA,13,295,1,NULL,,"INSERT INTO addr_cities(id,city,state_id,father_city_id,active,is_dm) VALUES (295,'VILLA HERMOSA',13,295,1,NULL);"
296,CUMAYASA (DM),13,295,1,1,,"INSERT INTO addr_cities(id,city,state_id,father_city_id,active,is_dm) VALUES (296,'CUMAYASA (DM)',13,295,1,1);"
297,YAQUE (BUENA VISTA) (DM),25,109,1,1,,"INSERT INTO addr_cities(id,city,state_id,father_city_id,active,is_dm) VALUES (297,'YAQUE (BUENA VISTA) (DM)',25,109,1,1);"
298,MONSERRAT (DM),4,76,1,1,,"INSERT INTO addr_cities(id,city,state_id,father_city_id,active,is_dm) VALUES (298,'MONSERRAT (DM)',4,76,1,1);"
299,BOYA-EL CENTRO (DM),18,8,1,1,,"INSERT INTO addr_cities(id,city,state_id,father_city_id,active,is_dm) VALUES (299,'BOYA-EL CENTRO (DM)',18,8,1,1);"
300,BUENA VISTA (DM),14,50,1,1,,"INSERT INTO addr_cities(id,city,state_id,father_city_id,active,is_dm) VALUES (300,'BUENA VISTA (DM)',14,50,1,1);"
301,BAHORUCO (DM),5,160,1,1,,"INSERT INTO addr_cities(id,city,state_id,father_city_id,active,is_dm) VALUES (301,'BAHORUCO (DM)',5,160,1,1);"
302,LA CATALINA (DM),20,3,1,1,,"INSERT INTO addr_cities(id,city,state_id,father_city_id,active,is_dm) VALUES (302,'LA CATALINA (DM)',20,3,1,1);"
303,LAS LAGUNAS (DM),3,17,1,1,,"INSERT INTO addr_cities(id,city,state_id,father_city_id,active,is_dm) VALUES (303,'LAS LAGUNAS (DM)',3,17,1,1);"
304,LA SIEMBRA (DM),3,17,1,1,,"INSERT INTO addr_cities(id,city,state_id,father_city_id,active,is_dm) VALUES (304,'LA SIEMBRA (DM)',3,17,1,1);"
305,NAVAS (DM),21,102,1,1,,"INSERT INTO addr_cities(id,city,state_id,father_city_id,active,is_dm) VALUES (305,'NAVAS (DM)',21,102,1,1);"
306,HATO DAMAS (DM),24,2,1,1,,"INSERT INTO addr_cities(id,city,state_id,father_city_id,active,is_dm) VALUES (306,'HATO DAMAS (DM)',24,2,1,1);"
307,HATO VIEJO (DM),32,227,1,1,,"INSERT INTO addr_cities(id,city,state_id,father_city_id,active,is_dm) VALUES (307,'HATO VIEJO (DM)',32,227,1,1);"
308,EL CAIMITO (DM),28,35,1,1,,"INSERT INTO addr_cities(id,city,state_id,father_city_id,active,is_dm) VALUES (308,'EL CAIMITO (DM)',28,35,1,1);"
309,PLATANAL (DM),27,49,1,1,,"INSERT INTO addr_cities(id,city,state_id,father_city_id,active,is_dm) VALUES (309,'PLATANAL (DM)',27,49,1,1);"
310,LA GUAYIGA (DM),32,228,1,1,,"INSERT INTO addr_cities(id,city,state_id,father_city_id,active,is_dm) VALUES (310,'LA GUAYIGA (DM)',32,228,1,1);"
311,LA CUABA (DM),32,228,1,1,,"INSERT INTO addr_cities(id,city,state_id,father_city_id,active,is_dm) VALUES (311,'LA CUABA (DM)',32,228,1,1);"
312,PALMAREJO (DM),32,229,1,1,,"INSERT INTO addr_cities(id,city,state_id,father_city_id,active,is_dm) VALUES (312,'PALMAREJO (DM)',32,229,1,1);"
313,PANTOJA (DM),32,229,1,1,,"INSERT INTO addr_cities(id,city,state_id,father_city_id,active,is_dm) VALUES (313,'PANTOJA (DM)',32,229,1,1);"
314,SABANA ALTA (DM),25,12,1,1,,"INSERT INTO addr_cities(id,city,state_id,father_city_id,active,is_dm) VALUES (314,'SABANA ALTA (DM)',25,12,1,1);"
315,CAMBITA EL PUEBLECITO (DM),24,104,1,1,,"INSERT INTO addr_cities(id,city,state_id,father_city_id,active,is_dm) VALUES (315,'CAMBITA EL PUEBLECITO (DM)',24,104,1,1);"
316,BOCA DE CACHON (DM),12,77,1,1,,"INSERT INTO addr_cities(id,city,state_id,father_city_id,active,is_dm) VALUES (316,'BOCA DE CACHON (DM)',12,77,1,1);"
317,DERRUMBADERO (EL NUEVO BRAZIL) (DM),25,14,1,1,,"INSERT INTO addr_cities(id,city,state_id,father_city_id,active,is_dm) VALUES (317,'DERRUMBADERO (EL NUEVO BRAZIL) (DM)',25,14,1,1);"
318,CAPOTILLO (DM),6,73,1,1,,"INSERT INTO addr_cities(id,city,state_id,father_city_id,active,is_dm) VALUES (318,'CAPOTILLO (DM)',6,73,1,1);"
319,EL ROSARIO (DM),25,12,1,1,,"INSERT INTO addr_cities(id,city,state_id,father_city_id,active,is_dm) VALUES (319,'EL ROSARIO (DM)',25,12,1,1);"
320,QUITA SUEÑO (DM),27,49,1,1,,"INSERT INTO addr_cities(id,city,state_id,father_city_id,active,is_dm) VALUES (320,'QUITA SUEÑO (DM)',27,49,1,1);"
321,CAÑONGO (DM),6,44,1,1,,"INSERT INTO addr_cities(id,city,state_id,father_city_id,active,is_dm) VALUES (321,'CAÑONGO (DM)',6,44,1,1);"
322,LAS GALERAS (DM),23,65,1,1,,"INSERT INTO addr_cities(id,city,state_id,father_city_id,active,is_dm) VALUES (322,'LAS GALERAS (DM)',23,65,1,1);"
323,VENGAN A VER (DM),12,20,1,1,,"INSERT INTO addr_cities(id,city,state_id,father_city_id,active,is_dm) VALUES (323,'VENGAN A VER (DM)',12,20,1,1);"
324,LA GINA (DM),8,29,1,1,,"INSERT INTO addr_cities(id,city,state_id,father_city_id,active,is_dm) VALUES (324,'LA GINA (DM)',8,29,1,1);"
325,JOSE FRANCISCO PEÑA GOMEZ (DM),19,69,1,1,,"INSERT INTO addr_cities(id,city,state_id,father_city_id,active,is_dm) VALUES (325,'JOSE FRANCISCO PEÑA GOMEZ (DM)',19,69,1,1);"
326,HATO DEL PADRE (DM),25,12,1,1,,"INSERT INTO addr_cities(id,city,state_id,father_city_id,active,is_dm) VALUES (326,'HATO DEL PADRE (DM)',25,12,1,1);"
327,LAS PALOMAS (DM),28,95,1,1,,"INSERT INTO addr_cities(id,city,state_id,father_city_id,active,is_dm) VALUES (327,'LAS PALOMAS (DM)',28,95,1,1);"
328,BOCA DE MAO (DM),30,33,1,1,,"INSERT INTO addr_cities(id,city,state_id,father_city_id,active,is_dm) VALUES (328,'BOCA DE MAO (DM)',30,33,1,1);"
329,BATISTA (DM),25,14,1,1,,"INSERT INTO addr_cities(id,city,state_id,father_city_id,active,is_dm) VALUES (329,'BATISTA (DM)',25,14,1,1);"
330,CARRERA DE YEGUAS (DM),25,11,1,1,,"INSERT INTO addr_cities(id,city,state_id,father_city_id,active,is_dm) VALUES (330,'CARRERA DE YEGUAS (DM)',25,11,1,1);"
331,GUANITO (DM),25,12,1,1,,"INSERT INTO addr_cities(id,city,state_id,father_city_id,active,is_dm) VALUES (331,'GUANITO (DM)',25,12,1,1);"
332,YASICA ARRIBA (DM),21,37,1,1,,"INSERT INTO addr_cities(id,city,state_id,father_city_id,active,is_dm) VALUES (332,'YASICA ARRIBA (DM)',21,37,1,1);"
333,CABEZA DE TORO (DM),4,76,1,1,,"INSERT INTO addr_cities(id,city,state_id,father_city_id,active,is_dm) VALUES (333,'CABEZA DE TORO (DM)',4,76,1,1);"
334,PUERTO VIEJO-LOS NEGROS (DM),3,10,1,1,,"INSERT INTO addr_cities(id,city,state_id,father_city_id,active,is_dm) VALUES (334,'PUERTO VIEJO-LOS NEGROS (DM)',3,10,1,1);"
335,BARRERAS (DM),3,10,1,1,,"INSERT INTO addr_cities(id,city,state_id,father_city_id,active,is_dm) VALUES (335,'BARRERAS (DM)',3,10,1,1);"
336,LA JAGUA (DM),25,12,1,1,,"INSERT INTO addr_cities(id,city,state_id,father_city_id,active,is_dm) VALUES (336,'LA JAGUA (DM)',25,12,1,1);"
337,GUANITO (DM),9,110,1,1,,"INSERT INTO addr_cities(id,city,state_id,father_city_id,active,is_dm) VALUES (337,'GUANITO (DM)',9,110,1,1);"
338,SABANA CRUZ (DM),9,15,1,1,,"INSERT INTO addr_cities(id,city,state_id,father_city_id,active,is_dm) VALUES (338,'SABANA CRUZ (DM)',9,15,1,1);"
339,MONTE BONITO (DM),3,17,1,1,,"INSERT INTO addr_cities(id,city,state_id,father_city_id,active,is_dm) VALUES (339,'MONTE BONITO (DM)',3,17,1,1);"
340,DOÑA EMMA BALAGUER VDA. VALLEJO(DM),3,10,1,1,,"INSERT INTO addr_cities(id,city,state_id,father_city_id,active,is_dm) VALUES (340,'DOÑA EMMA BALAGUER VDA. VALLEJO(DM)',3,10,1,1);"
341,LAS CLAVELLINAS (DM),3,10,1,1,,"INSERT INTO addr_cities(id,city,state_id,father_city_id,active,is_dm) VALUES (341,'LAS CLAVELLINAS (DM)',3,10,1,1);"
342,VILLA MAGANTE (DM),10,61,1,1,,"INSERT INTO addr_cities(id,city,state_id,father_city_id,active,is_dm) VALUES (342,'VILLA MAGANTE (DM)',10,61,1,1);"
343,PARADERO (DM),30,33,1,1,,"INSERT INTO addr_cities(id,city,state_id,father_city_id,active,is_dm) VALUES (343,'PARADERO (DM)',30,33,1,1);"
344,EL AGUACATE (DM),7,119,1,1,,"INSERT INTO addr_cities(id,city,state_id,father_city_id,active,is_dm) VALUES (344,'EL AGUACATE (DM)',7,119,1,1);"
345,BARRAQUITO (DM),7,58,1,1,,"INSERT INTO addr_cities(id,city,state_id,father_city_id,active,is_dm) VALUES (345,'BARRAQUITO (DM)',7,58,1,1);"
346,RIO GRANDE (DM),21,39,1,1,,"INSERT INTO addr_cities(id,city,state_id,father_city_id,active,is_dm) VALUES (346,'RIO GRANDE (DM)',21,39,1,1);"
347,ARROYO AL MEDIO (DM),15,71,1,1,,"INSERT INTO addr_cities(id,city,state_id,father_city_id,active,is_dm) VALUES (347,'ARROYO AL MEDIO (DM)',15,71,1,1);"
348,JORGILLO (DM),25,108,1,1,,"INSERT INTO addr_cities(id,city,state_id,father_city_id,active,is_dm) VALUES (348,'JORGILLO (DM)',25,108,1,1);"
349,MANABAO (DM),14,50,1,1,,"INSERT INTO addr_cities(id,city,state_id,father_city_id,active,is_dm) VALUES (349,'MANABAO (DM)',14,50,1,1);"
350,PUÑAL,28,350,1,NULL,,"INSERT INTO addr_cities(id,city,state_id,father_city_id,active,is_dm) VALUES (350,'PUÑAL',28,350,1,NULL);"
351,GUAYABAL (DM),28,350,1,1,,"INSERT INTO addr_cities(id,city,state_id,father_city_id,active,is_dm) VALUES (351,'GUAYABAL (DM)',28,350,1,1);"
352,CANABACOA ABAJO (DM),28,350,1,1,,"INSERT INTO addr_cities(id,city,state_id,father_city_id,active,is_dm) VALUES (352,'CANABACOA ABAJO (DM)',28,350,1,1);"
353,LAS MAGUANAS-HATO NUEVO (DM),25,12,1,1,,"INSERT INTO addr_cities(id,city,state_id,father_city_id,active,is_dm) VALUES (353,'LAS MAGUANAS-HATO NUEVO (DM)',25,12,1,1);"
354,ARROYO TORO-MASIPEDRO (DM),16,48,1,1,,"INSERT INTO addr_cities(id,city,state_id,father_city_id,active,is_dm) VALUES (354,'ARROYO TORO-MASIPEDRO (DM)',16,48,1,1);"
355,LAS LOMAS (DM),3,10,1,1,,"INSERT INTO addr_cities(id,city,state_id,father_city_id,active,is_dm) VALUES (355,'LAS LOMAS (DM)',3,10,1,1);"
356,LA GUAZARA (DM),5,18,1,1,,"INSERT INTO addr_cities(id,city,state_id,father_city_id,active,is_dm) VALUES (356,'LA GUAZARA (DM)',5,18,1,1);"
357,LAS CHARCAS DE MARIA NOVAS (DM),25,12,1,1,,"INSERT INTO addr_cities(id,city,state_id,father_city_id,active,is_dm) VALUES (357,'LAS CHARCAS DE MARIA NOVAS (DM)',25,12,1,1);"
358,EL LIMONAL (DM),20,3,1,1,,"INSERT INTO addr_cities(id,city,state_id,father_city_id,active,is_dm) VALUES (358,'EL LIMONAL (DM)',20,3,1,1);"
359,GUAYABO (DM),9,16,1,1,,"INSERT INTO addr_cities(id,city,state_id,father_city_id,active,is_dm) VALUES (359,'GUAYABO (DM)',9,16,1,1);"
360,LA CALETA (DM),13,26,1,1,,"INSERT INTO addr_cities(id,city,state_id,father_city_id,active,is_dm) VALUES (360,'LA CALETA (DM)',13,26,1,1);"
361,SABANA HIGUERO (DM),9,15,1,1,,"INSERT INTO addr_cities(id,city,state_id,father_city_id,active,is_dm) VALUES (361,'SABANA HIGUERO (DM)',9,15,1,1);"
362,JAYACO (DM),16,48,1,1,,"INSERT INTO addr_cities(id,city,state_id,father_city_id,active,is_dm) VALUES (362,'JAYACO (DM)',16,48,1,1);"
363,JAYA (DM),7,56,1,1,,"INSERT INTO addr_cities(id,city,state_id,father_city_id,active,is_dm) VALUES (363,'JAYA (DM)',7,56,1,1);"
364,GUAYACANES,26,364,1,NULL,,"INSERT INTO addr_cities(id,city,state_id,father_city_id,active,is_dm) VALUES (364,'GUAYACANES',26,364,1,NULL);"
365,SANTIAGO DE LA CRUZ (DM),6,73,1,1,,"INSERT INTO addr_cities(id,city,state_id,father_city_id,active,is_dm) VALUES (365,'SANTIAGO DE LA CRUZ (DM)',6,73,1,1);"
366,JINOVA (DM),25,129,1,1,,"INSERT INTO addr_cities(id,city,state_id,father_city_id,active,is_dm) VALUES (366,'JINOVA (DM)',25,129,1,1);"
367,SAN FRANCISCO-VICENTILLO (DM),8,25,1,1,,"INSERT INTO addr_cities(id,city,state_id,father_city_id,active,is_dm) VALUES (367,'SAN FRANCISCO-VICENTILLO (DM)',8,25,1,1);"
368,RANCHO DE LA GUARDIA (DM),9,75,1,1,,"INSERT INTO addr_cities(id,city,state_id,father_city_id,active,is_dm) VALUES (368,'RANCHO DE LA GUARDIA (DM)',9,75,1,1);"
369,CABALLERO (DM),27,49,1,1,,"INSERT INTO addr_cities(id,city,state_id,father_city_id,active,is_dm) VALUES (369,'CABALLERO (DM)',27,49,1,1);"
370,LOS FRIOS (DM),3,17,1,1,,"INSERT INTO addr_cities(id,city,state_id,father_city_id,active,is_dm) VALUES (370,'LOS FRIOS (DM)',3,17,1,1);"
371,MENA (DM),4,76,1,1,,"INSERT INTO addr_cities(id,city,state_id,father_city_id,active,is_dm) VALUES (371,'MENA (DM)',4,76,1,1);"
372,MAIMON (DM),21,37,1,1,,"INSERT INTO addr_cities(id,city,state_id,father_city_id,active,is_dm) VALUES (372,'MAIMON (DM)',21,37,1,1);"
373,COMEDERO ARRIBA (DM),27,49,1,1,,"INSERT INTO addr_cities(id,city,state_id,father_city_id,active,is_dm) VALUES (373,'COMEDERO ARRIBA (DM)',27,49,1,1);"
374,CANCA LA PIEDRA (DM),28,32,1,1,,"INSERT INTO addr_cities(id,city,state_id,father_city_id,active,is_dm) VALUES (374,'CANCA LA PIEDRA (DM)',28,32,1,1);"
375,ESTRECHO DE LUPERON OMAR BROSS (DM),21,40,1,1,,"INSERT INTO addr_cities(id,city,state_id,father_city_id,active,is_dm) VALUES (375,'ESTRECHO DE LUPERON OMAR BROSS (DM)',21,40,1,1);"
376,DON ANTONIO GUZMAN FERNANDEZ (DM),7,56,1,1,,"INSERT INTO addr_cities(id,city,state_id,father_city_id,active,is_dm) VALUES (376,'DON ANTONIO GUZMAN FERNANDEZ (DM)',7,56,1,1);"
377,HATO NUEVO CORTES (DM),3,125,1,1,,"INSERT INTO addr_cities(id,city,state_id,father_city_id,active,is_dm) VALUES (377,'HATO NUEVO CORTES (DM)',3,125,1,1);"
378,SANTA LUCIA-LA HIGUERA (DM),8,25,1,1,,"INSERT INTO addr_cities(id,city,state_id,father_city_id,active,is_dm) VALUES (378,'SANTA LUCIA-LA HIGUERA (DM)',8,25,1,1);"
379,BATEY 8 (DM),12,128,1,1,,"INSERT INTO addr_cities(id,city,state_id,father_city_id,active,is_dm) VALUES (379,'BATEY 8 (DM)',12,128,1,1);"
380,PROYECTO 2-C (DM),3,107,1,1,,"INSERT INTO addr_cities(id,city,state_id,father_city_id,active,is_dm) VALUES (380,'PROYECTO 2-C (DM)',3,107,1,1);"
381,LAS BARIAS (DM),20,3,1,1,,"INSERT INTO addr_cities(id,city,state_id,father_city_id,active,is_dm) VALUES (381,'LAS BARIAS (DM)',20,3,1,1);"
382,EL NARANJAL (DM),31,13,1,1,,"INSERT INTO addr_cities(id,city,state_id,father_city_id,active,is_dm) VALUES (382,'EL NARANJAL (DM)',31,13,1,1);"
383,LA SALVIA-LOS QUEMADOS (DM),16,48,1,1,,"INSERT INTO addr_cities(id,city,state_id,father_city_id,active,is_dm) VALUES (383,'LA SALVIA-LOS QUEMADOS (DM)',16,48,1,1);"
384,HERNANDO ALONZO (DM),27,155,1,1,,"INSERT INTO addr_cities(id,city,state_id,father_city_id,active,is_dm) VALUES (384,'HERNANDO ALONZO (DM)',27,155,1,1);"
385,TURISTICO VERON PUNTA CANA (DM),2,28,1,1,,"INSERT INTO addr_cities(id,city,state_id,father_city_id,active,is_dm) VALUES (385,'TURISTICO VERON PUNTA CANA (DM)',2,28,1,1);"
386,SANTA BARBARA EL 6 (DM),4,76,1,1,,"INSERT INTO addr_cities(id,city,state_id,father_city_id,active,is_dm) VALUES (386,'SANTA BARBARA EL 6 (DM)',4,76,1,1);"
387,EL SALADO (DM),4,113,1,1,,"INSERT INTO addr_cities(id,city,state_id,father_city_id,active,is_dm) VALUES (387,'EL SALADO (DM)',4,113,1,1);"
388,GUALETE (DM),21,121,1,1,,"INSERT INTO addr_cities(id,city,state_id,father_city_id,active,is_dm) VALUES (388,'GUALETE (DM)',21,121,1,1);"
389,VILLA CENTRAL (DM),5,18,1,1,,"INSERT INTO addr_cities(id,city,state_id,father_city_id,active,is_dm) VALUES (389,'VILLA CENTRAL (DM)',5,18,1,1);"
390,LA ZANJA (DM),25,12,1,1,,"INSERT INTO addr_cities(id,city,state_id,father_city_id,active,is_dm) VALUES (390,'LA ZANJA (DM)',25,12,1,1);"
391,MAMÁ TINGO (DM),18,5,1,1,,"INSERT INTO addr_cities(id,city,state_id,father_city_id,active,is_dm) VALUES (391,'MAMÁ TINGO (DM)',18,5,1,1);"
392,TAVERA (DM),14,47,1,1,,"INSERT INTO addr_cities(id,city,state_id,father_city_id,active,is_dm) VALUES (392,'TAVERA (DM)',14,47,1,1);"
393,ZAMBRANA ABAJO (DM),27,49,1,1,,"INSERT INTO addr_cities(id,city,state_id,father_city_id,active,is_dm) VALUES (393,'ZAMBRANA ABAJO (DM)',27,49,1,1);"
394,DON JUAN RODRIGUEZ - BARRANCA (DM),14,47,1,1,,"INSERT INTO addr_cities(id,city,state_id,father_city_id,active,is_dm) VALUES (394,'DON JUAN RODRIGUEZ - BARRANCA (DM)',14,47,1,1);"
395,SANTA MARIA (DM),17,86,1,1,,"INSERT INTO addr_cities(id,city,state_id,father_city_id,active,is_dm) VALUES (395,'SANTA MARIA (DM)',17,86,1,1);"
396,DOÑA ANA (DM),24,82,1,1,,"INSERT INTO addr_cities(id,city,state_id,father_city_id,active,is_dm) VALUES (396,'DOÑA ANA (DM)',24,82,1,1);"
397,HATILLO (DM),24,2,1,1,,"INSERT INTO addr_cities(id,city,state_id,father_city_id,active,is_dm) VALUES (397,'HATILLO (DM)',24,2,1,1);"
398,QUITA SUEÑO (DM),24,93,1,1,,"INSERT INTO addr_cities(id,city,state_id,father_city_id,active,is_dm) VALUES (398,'QUITA SUEÑO (DM)',24,93,1,1);"
